INSERT INTO mrsproj.hibernate_sequence (next_val) VALUES (67);
INSERT INTO mrsproj.hibernate_sequence (next_val) VALUES (67);
INSERT INTO mrsproj.hibernate_sequence (next_val) VALUES (67);
INSERT INTO mrsproj.hibernate_sequence (next_val) VALUES (67);
INSERT INTO mrsproj.hibernate_sequence (next_val) VALUES (67);
INSERT INTO mrsproj.hibernate_sequence (next_val) VALUES (67);
INSERT INTO mrsproj.hibernate_sequence (next_val) VALUES (67);
INSERT INTO mrsproj.hibernate_sequence (next_val) VALUES (67);
INSERT INTO mrsproj.hibernate_sequence (next_val) VALUES (67);
INSERT INTO mrsproj.hibernate_sequence (next_val) VALUES (67);
INSERT INTO mrsproj.hibernate_sequence (next_val) VALUES (67);
INSERT INTO mrsproj.hibernate_sequence (next_val) VALUES (67);
INSERT INTO mrsproj.hibernate_sequence (next_val) VALUES (67);
INSERT INTO mrsproj.hibernate_sequence (next_val) VALUES (67);
INSERT INTO mrsproj.hibernate_sequence (next_val) VALUES (67);
INSERT INTO mrsproj.hibernate_sequence (next_val) VALUES (67);
INSERT INTO mrsproj.hibernate_sequence (next_val) VALUES (67);
INSERT INTO mrsproj.hibernate_sequence (next_val) VALUES (67);
INSERT INTO mrsproj.hibernate_sequence (next_val) VALUES (67);
INSERT INTO mrsproj.hibernate_sequence (next_val) VALUES (67);
INSERT INTO mrsproj.hibernate_sequence (next_val) VALUES (67);
INSERT INTO mrsproj.hibernate_sequence (next_val) VALUES (67);
INSERT INTO mrsproj.hibernate_sequence (next_val) VALUES (67);

INSERT INTO mrsproj.medicine (id, manufacturer, name) VALUES ('M_6', 'Galenika', 'Xyzal');
INSERT INTO mrsproj.medicine (id, manufacturer, name) VALUES ('M_7', 'Hemofarm', 'Ibuprofen');
INSERT INTO mrsproj.medicine (id, manufacturer, name) VALUES ('M_8', 'Galenika', 'Olynth');
INSERT INTO mrsproj.medicine (id, manufacturer, name) VALUES ('M_58', 'Hemofarm', 'Paracetamol');
INSERT INTO mrsproj.medicine (id, manufacturer, name) VALUES ('M_59', 'AlergoLijek', 'AlergoLijek');

INSERT INTO mrsproj.user (id, address, city, country, email, lastPasswordResetDate, name, password, personalID, phoneNumber, surname, type, version) VALUES ('U_11', 'dsa', 'dsa', 'dsa', 'prvi@gmail.com', null, 'Prvi', '$2a$10$FAsEspJ2.6mcVSAMU.nXrupTA0HYeYcTFBP49KF0lyxNUSiBd6f2a', 'Ajdi', '123123123', 'Admin', 2, 0);
INSERT INTO mrsproj.user (id, address, city, country, email, lastPasswordResetDate, name, password, personalID, phoneNumber, surname, type, version) VALUES ('U_13', 'Adresa', 'Tutin', 'Srbija22', 'harry.gegic@gmail.com', '2020-06-14 00:42:24', 'Haris', '$2a$10$IVGDqqMuREd4OrBRZmS18OGMkmcDUVkxXBIC19oYLuSF5lqzyGvfe', '123123', '+381628401983', 'Gegic', 5, 7);
INSERT INTO mrsproj.user (id, address, city, country, email, lastPasswordResetDate, name, password, personalID, phoneNumber, surname, type, version) VALUES ('U_20', 'Adresa', 'Grad', 'Drzava', 'doktor@dr.com', '2020-06-14 01:25:45', 'Doktor', '$2a$10$fhelpxdWEzPVe3FHLa5h5ubjXeKf0WXhQpVyThCSMNOyTldcNJAVi', '21321', '+39123', 'Doktor', 3, 1);
INSERT INTO mrsproj.user (id, address, city, country, email, lastPasswordResetDate, name, password, personalID, phoneNumber, surname, type, version) VALUES ('U_27', 'Adresa', 'Grad', 'Drzava', 'doktordrugi@gmail.com', null, 'Ime', '$2a$10$9B79aYXKF3AiPcK.RQcLUOGeNVq1WBmT/wYSb89Gm1.NMH2PxccEK', '123123', '123123', 'Prezime', 3, 0);
INSERT INTO mrsproj.user (id, address, city, country, email, lastPasswordResetDate, name, password, personalID, phoneNumber, surname, type, version) VALUES ('U_31', 'Adresa', 'Grad', 'Drzava', 'medsestra@gmail.com', '2020-06-14 01:02:57', 'Ime', '$2a$10$Ifb4oX56JsYXGWQVqlHLk.gZe.Tk29my.MRYgYgTEcuWvsV1N4VEe', '123123123', '123123', 'Prezime', 4, 1);
INSERT INTO mrsproj.user (id, address, city, country, email, lastPasswordResetDate, name, password, personalID, phoneNumber, surname, type, version) VALUES ('U_35', 'Adresa', 'Grad', 'Drzava', 'ardamaximilian@gmail.com', '2020-06-14 01:22:40', 'Neki', '$2a$10$My2Sx35h9T8VU7wlmUrlX.3Qnd1IoKqpeCHkITbjEAT.B1K9lOHV.', '123123', '123123123', 'Nekic', 5, 1);
INSERT INTO mrsproj.user (id, address, city, country, email, lastPasswordResetDate, name, password, personalID, phoneNumber, surname, type, version) VALUES ('U_45', 'Adresa', 'Grad', 'Drzava', 'admir@admir.com', null, 'Admir', '$2a$10$7D3GZB3vK1fbwrtDhTf.0.ZCZ/b29Fhka5dKMep.QeZEmdSe63wFe', '123123', 'dsadsa@dsadas.csa', 'Admirovic', 1, 0);
INSERT INTO mrsproj.user (id, address, city, country, email, lastPasswordResetDate, name, password, personalID, phoneNumber, surname, type, version) VALUES ('U_47', 'Adresa', 'Grad', 'Drzava', 'treci@gmail.com', null, 'Treci', '$2a$10$apgnJZCJoEme1IcUAQLs9uLIoWhviylVNQWdExGWeA0bY1MqkuMci', '1123123', 'dsa@dsa.das', 'Glavni', 1, 0);
INSERT INTO mrsproj.user (id, address, city, country, email, lastPasswordResetDate, name, password, personalID, phoneNumber, surname, type, version) VALUES ('U_61', 'Adresa', 'Grad ', 'Drzava', 'prvidva@gmail.com', null, 'Ime', '$2a$10$jt7sOv0Hc7ISLmRixgdwruDYUT70bWW.i42OoTukDuWiDc.Z2QJdO', '123123', '123123', 'Prezime', 2, 0);
INSERT INTO mrsproj.user (id, address, city, country, email, lastPasswordResetDate, name, password, personalID, phoneNumber, surname, type, version) VALUES ('U_63', 'Adresa', 'Tutin', 'Srbija', 'prvitri@gmail.com', null, 'Ime', '$2a$10$Z.zj1iypS7vWBgxRpa1Ho.Vk6QpqXPmQOhM28/nLAtTUDICYhqvXG', '123123', '123123', 'Prezime', 2, 0);
INSERT INTO mrsproj.user (id, address, city, country, email, lastPasswordResetDate, name, password, personalID, phoneNumber, surname, type, version) VALUES ('U_65', 'Adesa', 'Grad', 'Drzava', 'drugijedan@gmail.com', null, 'Sifra', '$2a$10$40imG/oEpk14ripblEtFIum/40aG7kmAiif.gdEq2Gq5Vky3ZO.O.', '231312', '1232131', 'Sifra', 2, 0);



INSERT INTO mrsproj.clinic (id, address, lat, lng, description, name, version, admin_id) VALUES ('C_9', 'Дом здравља, Треће санџачке бригаде, Tutin, Tutin Municipality, Raska Administrative District, Central Serbia, 36320, Serbia', 42.9900547, 20.3390981, 'Dom zdravlja tutin', 'Klinika', 0, null);
INSERT INTO mrsproj.clinic (id, address, lat, lng, description, name, version, admin_id) VALUES ('C_48', 'Naša mala klinika, Ulica kralja Petra Krešimira IV, Sveti Filip i Jakov, Općina Sveti Filip i Jakov, Zadar County, 23207, Croatia', 43.9606838, 15.4259138, 'Nasa mala klinika', 'Nasa mala klinika', 0, null);
INSERT INTO mrsproj.clinic (id, address, lat, lng, description, name, version, admin_id) VALUES ('C_49', 'Клинички центар Војводине, Mikole Kocisa, Сајмиште, Нови Сад, Novi Sad, Novi Sad City, South Backa Administrative District, Vojvodina, 21101, Serbia', 45.251636899999994, 19.82281831974175, 'Klinicki centar vojvodine', 'Klinicki centar vojvodine', 0, null);
INSERT INTO mrsproj.clinic (id, address, lat, lng, description, name, version, admin_id) VALUES ('C_50', 'Clinical Center of Serbia, Boulevard of Liberation, Neimar, Vracar, Београд (Врачар), Vracar Urban Municipality, City of Belgrade, Central Serbia, 11000, Serbia', 44.798044250000004, 20.458916145014108, 'Klinicki centar Srbije', 'Klinicki centar Srbije', 0, null);
INSERT INTO mrsproj.clinic (id, address, lat, lng, description, name, version, admin_id) VALUES ('C_51', 'Здравствени центар Нови Пазар, Генерала Живковића, Novi Pazar, Novi Pazar City, Raska Administrative District, Central Serbia, 36300, Serbia', 43.1328751, 20.510947005343727, 'Bolnica novi pazar', 'Bolnica novi pazar', 0, null);
INSERT INTO mrsproj.clinic (id, address, lat, lng, description, name, version, admin_id) VALUES ('C_52', '54, Chlebowo, gmina Miłosław, Września County, Greater Poland Voivodeship, 62-320, Poland', 52.1564723, 17.5708665, 'Klinika sveti vid', 'Neka klinika', 0, null);
INSERT INTO mrsproj.clinic (id, address, lat, lng, description, name, version, admin_id) VALUES ('C_53', 'Ayagoz District, East Kazakhstan Region, Kazakhstan', 47.828935099999995, 79.28794126870397, 'Random mesto', 'Random mesto', 0, null);


INSERT INTO mrsproj.clinicadministrator (id, clinic_id, user_id) VALUES ('CA_10', 'C_9', 'U_11');
INSERT INTO mrsproj.clinicadministrator (id, clinic_id, user_id) VALUES ('CA_60', 'C_48', 'U_61');
INSERT INTO mrsproj.clinicadministrator (id, clinic_id, user_id) VALUES ('CA_62', 'C_49', 'U_63');
INSERT INTO mrsproj.clinicadministrator (id, clinic_id, user_id) VALUES ('CA_64', 'C_9', 'U_65');
INSERT INTO mrsproj.clinicalcentaradministrator (id, user_id) VALUES ('CCA_44', 'U_45');
INSERT INTO mrsproj.clinicalcentaradministrator (id, user_id) VALUES ('CCA_46', 'U_47');

INSERT INTO mrsproj.clinicroom (id, name, clinic_id) VALUES ('CR_22', 'A1', 'C_9');
INSERT INTO mrsproj.clinicroom (id, name, clinic_id) VALUES ('CR_23', 'A2', 'C_9');
INSERT INTO mrsproj.clinicroom (id, name, clinic_id) VALUES ('CR_24', 'A3', 'C_9');

INSERT INTO mrsproj.diagnosis (id, name) VALUES ('D_3', 'Alergijski rinitis');
INSERT INTO mrsproj.diagnosis (id, name) VALUES ('D_4', 'Tinitus');
INSERT INTO mrsproj.diagnosis (id, name) VALUES ('D_5', 'TMJ');
INSERT INTO mrsproj.diagnosis (id, name) VALUES ('D_54', 'Gluhoca');
INSERT INTO mrsproj.diagnosis (id, name) VALUES ('D_55', 'Korona');
INSERT INTO mrsproj.diagnosis (id, name) VALUES ('D_56', 'Grip');
INSERT INTO mrsproj.diagnosis (id, name) VALUES ('D_57', 'Tuberkuloza');

INSERT INTO mrsproj.doctor (id, changeTime, clinic_id, user_id, workingCalendar_id, version) VALUES ('D_19', '2020-06-14 16:11:28', 'C_9', 'U_20', 'WC_21', 0);
INSERT INTO mrsproj.doctor (id, changeTime, clinic_id, user_id, workingCalendar_id, version) VALUES ('D_26', '2020-06-14 16:02:38', 'C_9', 'U_27', 'WC_28', 0);
INSERT INTO mrsproj.doctor_specialties (Doctor_id, specialties_id) VALUES ('D_19', 'IT_16');
INSERT INTO mrsproj.doctor_specialties (Doctor_id, specialties_id) VALUES ('D_19', 'IT_17');
INSERT INTO mrsproj.doctor_specialties (Doctor_id, specialties_id) VALUES ('D_26', 'IT_16');
INSERT INTO mrsproj.doctor_specialties (Doctor_id, specialties_id) VALUES ('D_26', 'IT_18');

INSERT INTO mrsproj.interventiontype (id, name, price, clinic_id) VALUES ('IT_16', 'Alergotest', 10, 'C_9');
INSERT INTO mrsproj.interventiontype (id, name, price, clinic_id) VALUES ('IT_17', 'Koronatest', 60, 'C_9');
INSERT INTO mrsproj.interventiontype (id, name, price, clinic_id) VALUES ('IT_18', 'Test sluha', 15, 'C_9');
INSERT INTO mrsproj.interventiontype (id, name, price, clinic_id) VALUES ('IT_66', 'Tip5', 123, 'C_9');


INSERT INTO mrsproj.nurse (id, version, clinic_id, user_id, workingCalendar_id) VALUES ('N_30', 0, 'C_9', 'U_31', 'WC_32');
INSERT INTO mrsproj.patient (id, medicalRecord_id, user_id) VALUES ('PT_15', 'MR_33', 'U_13');
INSERT INTO mrsproj.patient (id, medicalRecord_id, user_id) VALUES ('PT_37', 'MR_39', 'U_35');

INSERT INTO mrsproj.workingcalendar (id) VALUES ('WC_21');
INSERT INTO mrsproj.workingcalendar (id) VALUES ('WC_28');
INSERT INTO mrsproj.workingcalendar (id) VALUES ('WC_32');
INSERT INTO mrsproj.workingcalendar_workingschedule (WorkingCalendar_id, end, start, workingSchedule_KEY) VALUES ('WC_21', '17:00:00', '09:00:00', 3);
INSERT INTO mrsproj.workingcalendar_workingschedule (WorkingCalendar_id, end, start, workingSchedule_KEY) VALUES ('WC_21', '17:00:00', '09:00:00', 2);
INSERT INTO mrsproj.workingcalendar_workingschedule (WorkingCalendar_id, end, start, workingSchedule_KEY) VALUES ('WC_21', '17:00:00', '09:00:00', 0);
INSERT INTO mrsproj.workingcalendar_workingschedule (WorkingCalendar_id, end, start, workingSchedule_KEY) VALUES ('WC_21', '17:00:00', '09:00:00', 1);
INSERT INTO mrsproj.workingcalendar_workingschedule (WorkingCalendar_id, end, start, workingSchedule_KEY) VALUES ('WC_21', '17:00:00', '09:00:00', 4);
INSERT INTO mrsproj.workingcalendar_workingschedule (WorkingCalendar_id, end, start, workingSchedule_KEY) VALUES ('WC_28', '17:00:00', '09:00:00', 3);
INSERT INTO mrsproj.workingcalendar_workingschedule (WorkingCalendar_id, end, start, workingSchedule_KEY) VALUES ('WC_28', '17:00:00', '09:00:00', 2);
INSERT INTO mrsproj.workingcalendar_workingschedule (WorkingCalendar_id, end, start, workingSchedule_KEY) VALUES ('WC_28', '17:00:00', '09:00:00', 0);
INSERT INTO mrsproj.workingcalendar_workingschedule (WorkingCalendar_id, end, start, workingSchedule_KEY) VALUES ('WC_28', '17:00:00', '09:00:00', 1);
INSERT INTO mrsproj.workingcalendar_workingschedule (WorkingCalendar_id, end, start, workingSchedule_KEY) VALUES ('WC_28', '17:00:00', '09:00:00', 4);
INSERT INTO mrsproj.workingcalendar_workingschedule (WorkingCalendar_id, end, start, workingSchedule_KEY) VALUES ('WC_32', '17:00:00', '09:00:00', 3);
INSERT INTO mrsproj.workingcalendar_workingschedule (WorkingCalendar_id, end, start, workingSchedule_KEY) VALUES ('WC_32', '17:00:00', '09:00:00', 2);
INSERT INTO mrsproj.workingcalendar_workingschedule (WorkingCalendar_id, end, start, workingSchedule_KEY) VALUES ('WC_32', '17:00:00', '09:00:00', 0);
INSERT INTO mrsproj.workingcalendar_workingschedule (WorkingCalendar_id, end, start, workingSchedule_KEY) VALUES ('WC_32', '17:00:00', '09:00:00', 1);
INSERT INTO mrsproj.workingcalendar_workingschedule (WorkingCalendar_id, end, start, workingSchedule_KEY) VALUES ('WC_32', '17:00:00', '09:00:00', 4);

INSERT INTO mrsproj.medicalrecord (id, bloodType, height, weight) VALUES ('MR_33', 'A+', 184, 80);
INSERT INTO mrsproj.medicalrecord (id, bloodType, height, weight) VALUES ('MR_39', 'A-', 180, 90);
INSERT INTO mrsproj.medicalrecord_allergies (MedicalRecord_id, allergies) VALUES ('MR_33', 'pollen');
